Estimate ID,Division,Type,Version,Price,Hours,PPH
EST4958530,LE Paving,Standard,,19487.06,,
EST4920011,LE Paving,Standard,,63225.41,118,535.81
EST5244081,LE Paving,Standard,,1395.42,6,232.57
EST3062103,LE Maintenance (Summer/Winter),Service,2025,5932.5,,
EST4863211,LE Paving,Standard,2,14596.92,90,162.19
EST4751221,LE Paving,Standard,,175000,268,652.99
EST5164163,LE Irrigation,Standard,,628.58,6,104.76
EST5341923,LE Tree Care,Standard,,382.02,3,127.34
EST5344895,LE Landscapes,Standard,,32958.08,134,245.96
EST5353487,LE Paving,Standard,,48165.9,175,275.23
EST5346405,LE Tree Care,Standard,,1026.46,8,128.31
EST5392734,LE Tree Care,Standard,,509.34,4,127.33
EST5363048,LE Tree Care,Standard,,406,4,101.50
EST3127932,LE Maintenance (Summer/Winter),Service,2027,2310,,
EST5406543,LE Paving,Standard,,51912.46,102,508.95
EST5386023,LE Landscapes,Standard,,793.38,4,198.34
EST5414233,LE Tree Care,Standard,,1503.96,10,150.40
EST5113666,LE Landscapes,Standard,,631.34,6,105.22
EST5415810,LE Irrigation,Standard,,352.94,,
EST5432056,LE Tree Care,Standard,,500.01,3,166.67
EST5435892,LE Landscapes,Standard,,5137.14,26,197.58
EST5346346,LE Paving,Standard,,1357.3,,
EST5457357,LE Tree Care,Standard,,203,1,203.00
EST5169713,Parking Lot Sweeping,Standard,2025,3273.33,,
EST5169653,Parking Lot Sweeping,Standard,2025,1857.7,,
EST5462899,LE Irrigation,Standard,,150,,
EST5450738,LE Landscapes,Standard,,2546.43,8,318.30
EST5346312,LE Paving,Standard,,4939.74,,
EST5169722,Parking Lot Sweeping,Standard,2025,1367,,
EST5474819,LE Maintenance Enchancements,Standard,,1153.94,10,115.39
EST5506290,LE Landscapes,Standard,,1639.48,10,163.95
EST5468942,LE Landscapes,Standard,,2024.1,8,253.01
EST2990483,LE Maintenance (Summer/Winter),Service,2025,1830.57,,
EST2990471,LE Maintenance (Summer/Winter),Service,2025,1830.57,,
EST2990491,LE Maintenance (Summer/Winter),Service,2025,1830.57,,
EST5064509,LE Tree Care,Standard,,484.36,4,121.09
EST5519782,LE Paving,Standard,,14763,48,307.56
EST5519631,LE Paving,Standard,,10000.1,54,185.19
EST5506745,LE Tree Care,Standard,,405.99,2,203.00
EST5379075,LE Paving,Standard,,3796,,
EST3019790,LE Maintenance (Summer/Winter),Service,1,2684.06,,
EST5444888,LE Paving,Standard,,9687.76,24,403.66
EST5520251,LE Paving,Standard,,1575,,
EST5578649,LE Tree Care,Standard,,878.58,6,146.43
EST5571716,LE Paving,Standard,,926.47,,
EST5461064,LE Paving,Standard,,4802.62,15,320.17
EST5566693,LE Paving,Standard,,72031.39,165,436.55
EST5561236,LE Tree Care,Standard,,406,3,135.33
EST4894879,LE Paving,Standard,,31697.14,69,459.38
EST5566794,LE Paving,Standard,,4348.34,30,144.94
EST5580491,LE Tree Care,Standard,,873.76,6.5,134.42
EST5077566,LE Tree Care,Standard,,1569.02,12,130.75
EST5561631,LE Tree Care,Standard,,1222.72,8,152.84
EST5585007,LE Landscapes,Standard,,21182.54,80,264.78
EST5592485,LE Paving,Standard,,4345.21,28,155.19
EST3143828,LE Maintenance (Summer/Winter),Service,2025,15311.99,,
EST3143942,LE Maintenance (Summer/Winter),Service,2026,15771.35,,
EST5405949,LE Tree Care,Standard,,8171,43,190.02
EST5597407,LE Tree Care,Standard,,1069.89,7,152.84
EST5595486,LE Tree Care,Standard,,727.55,5,145.51
EST5599550,LE Tree Care,Standard,,2816.88,18,156.49
EST5585118,LE Landscapes,Standard,2,26553.99,32,829.81
EST5574635,LE Maintenance Enchancements,Standard,,500.01,7,71.43
EST5561611,LE Tree Care,Standard,,562.48,4,140.62
EST5460758,LE Landscapes,Standard,,52873.6,196,269.76
EST5451698,LE Irrigation,Standard,,14312.16,,
EST5616673,LE Tree Care,Standard,,586.92,4,146.73
EST5609487,LE Irrigation,Standard,,5975.34,32,186.73
EST5618743,LE Irrigation,Standard,,305.22,3,101.74
EST5617579,LE Tree Care,Standard,,703.11,5,140.62
EST5432160,LE Irrigation,Standard,,1088.89,,
EST5631620,LE Irrigation,Standard,,1483.97,14,106.00
EST5634330,LE Irrigation,Standard,,471.61,4,117.90
EST3113018,LE Maintenance (Summer/Winter),Service,2025,2610,,
EST5490855,LE Irrigation,Standard,,2624.02,24,109.33
EST5643104,LE Tree Care,Standard,,1268.04,8,158.50
EST5432834,LE Irrigation,Standard,,549.42,4,137.35
EST5453356,LE Irrigation,Standard,,2489.46,24,103.73
EST5641692,LE Paving,Standard,,1637.48,8,204.69
EST5638564,LE Irrigation,Standard,,1303.71,12,108.64
EST5307308,LE Irrigation,Standard,,650,,
EST5360820,LE Irrigation,Standard,,150,,
EST5651265,LE Landscapes,Standard,,2999.99,40,75.00
EST5650526,LE Paving,Standard,,13894.57,92,151.03
EST5647245,LE Tree Care,Standard,,1455.08,10,145.51
EST5368203,LE Irrigation,Standard,,150,,
EST5641433,LE Tree Care,Standard,,1706.52,10,170.65
EST3251320,LE Maintenance (Summer/Winter),Service,2025,30980,105,295.05
EST5668632,LE Tree Care,Standard,,749.97,4,187.49
EST3253896,LE Maintenance (Summer/Winter),Service,1,9785,5,1957.00
EST3254527,LE Maintenance (Summer/Winter),Service,1,13355,15,890.33
EST5450944,LE Irrigation,Standard,,125,,
EST5417650,LE Irrigation,Standard,,650,,
EST3259037,LE Maintenance (Summer/Winter),Service,1,34855,15,2323.67
EST4851791,LE Tree Care,Standard,,1041.12,7,148.73
EST5673984,LE Tree Care,Standard,,751.99,5,150.40
EST4924236,LE Paving,Standard,,22952.7,39,588.53
EST3260588,LE Maintenance (Summer/Winter),Service,1,49600,72,688.89
EST3253077,LE Maintenance (Summer/Winter),Service,2025,4011,5,802.20
EST3258967,LE Maintenance (Summer/Winter),Service,1,31545,72,438.13
EST5453025,LE Irrigation,Standard,,976.14,10,97.61
EST5706225,LE Irrigation,Standard,,120,,
EST5706309,LE Irrigation,Standard,,500,,
EST5690629,LE Tree Care,Standard,,892.6,6,148.77
EST3268905,LE Maintenance (Summer/Winter),Service,1,51025,72,708.68
EST5451423,LE Irrigation,Standard,,200,,
EST3190284,LE Maintenance (Summer/Winter),Service,2025,15049.91,105,143.33
EST5378939,LE Paving,Standard,,14094.53,36,391.51
EST5274604,LE Tree Care,Standard,,914.91,6,152.48
EST5851132,Line Painting,Standard,,500,,
EST5488582,LE Irrigation,Standard,,1612.85,10,161.28
EST4875856,LE Paving,Standard,,5311.47,15,354.10
EST5450892,LE Tree Care,Standard,,562.48,4,140.62
EST3260356,LE Maintenance (Summer/Winter),Service,2025,29189.99,72,405.42
EST5721976,LE Irrigation,Standard,,160,,
EST3024115,LE Maintenance (Summer/Winter),Service,2025,46784.84,105,445.57
EST3024048,LE Maintenance (Summer/Winter),Service,2025,50590.99,105,481.82
EST5431995,LE Irrigation,Standard,,3252.37,18,180.69
EST5451364,LE Irrigation,Standard,,499,,
EST5451661,LE Irrigation,Standard,,200,,
EST3052960,LE Maintenance (Summer/Winter),Service,2025,22923.51,,
EST5380849,LE Landscapes,Standard,,3393.42,13,261.03
EST5451646,LE Irrigation,Standard,,200,,
EST5727416,LE Tree Care,Standard,,1876.97,13,144.38
EST5727123,LE Tree Care,Standard,,2512.75,17,147.81
EST3307570,LE Maintenance (Summer/Winter),Service,2025,14235,15,949.00
EST5453295,LE Tree Care,Standard,,1384.77,9.5,145.77
EST5453139,LE Tree Care,Standard,,5505.45,37.5,146.81
EST5423503,LE Landscapes,Standard,,1806.5,10,180.65
EST5514565,LE Landscapes,Standard,,20956.84,64,327.45
EST5540516,LE Maintenance Enchancements,Standard,,1755.53,6,292.59
EST5764806,LE Tree Care,Standard,,2205.96,14,157.57
EST5517319,LE Irrigation,Standard,,5250.17,30,175.01
EST5764478,LE Irrigation,Standard,,300,,
EST5755851,LE Irrigation,Standard,,160,,
EST3207301,LE Maintenance (Summer/Winter),Service,2025,21586.8,105,205.59
EST5718436,LE Maintenance Enchancements,Standard,,1400.79,6,233.47
EST5640870,LE Irrigation,Standard,,1192.61,12,99.38
EST5763559,LE Irrigation,Standard,,150,,
EST5764767,LE Tree Care,Standard,,1433.24,7,204.75
EST5476210,LE Tree Care,Standard,,814.92,8,101.86
EST5775300,LE Tree Care,Standard,,446.31,3,148.77
EST5770922,LE Paving,Standard,,6394.31,32,199.82
EST5359859,LE Paving,Standard,,25413.86,80,317.67
EST5740010,LE Irrigation,Standard,,787.67,8,98.46
EST5391011,LE Irrigation,Standard,,5002.39,17,294.26
EST5584389,LE Landscapes,Standard,,687.87,4,171.97
EST5596813,LE Irrigation,Standard,,1586.58,16,99.16
EST5392652,LE Tree Care,Standard,,1876.95,13,144.38
EST5793652,LE Tree Care,Standard,,399.99,2,200.00
EST5812890,LE Irrigation,Standard,,200,,
EST5458811,LE Irrigation,Standard,,3176.34,30,105.88
EST3061863,LE Maintenance (Summer/Winter),Service,2025,17331,,
EST5800936,LE Paving,Standard,,1860,1,1860.00
EST5724767,LE Tree Care,Standard,,574.72,4,143.68
EST5385842,LE Paving,Standard,,3888.89,,
EST5457192,LE Tree Care,Standard,,406.01,3,135.34
EST5597227,LE Irrigation,Standard,,150,,
EST5532324,LE Tree Care,Standard,,281.24,2,140.62
EST5800099,LE Tree Care,Standard,,399.99,3,133.33
EST3138995,LE Maintenance (Summer/Winter),Service,2025,1334.96,,
EST5519884,LE Maintenance Enchancements,Standard,,404.07,6,67.34
EST3020854,LE Maintenance (Summer/Winter),Service,2025,8969.16,,
EST3020940,LE Maintenance (Summer/Winter),Service,2025,4795.91,,
EST3020927,LE Maintenance (Summer/Winter),Service,2025,4212.76,,
EST3020916,LE Maintenance (Summer/Winter),Service,2025,2533.84,,
EST5519825,LE Maintenance (Summer/Winter),Standard,,196.18,1,196.18
EST5422083,LE Maintenance Enchancements,Standard,,492.77,6,82.13
EST3020900,LE Maintenance (Summer/Winter),Service,2025,2077.52,,
EST5576063,LE Irrigation,Standard,,4951.08,36,137.53
EST5751743,LE Irrigation,Standard,,1422.94,9,158.10
EST5815189,LE Irrigation,Standard,,3676.58,26,141.41
EST5818490,LE Irrigation,Standard,,118,,
EST5490600,LE Irrigation,Standard,,4636.53,30,154.55
EST5490404,LE Irrigation,Standard,,4593.7,30,153.12
EST5818449,LE Irrigation,Standard,,150,,
EST5818502,LE Irrigation,Standard,,150,,
EST5026881,LE Maintenance Enchancements,Standard,,342.12,2.5,136.85
EST5712440,LE Landscapes,Standard,,300,2,150.00
EST5487511,LE Irrigation,Standard,,2550.54,24,106.27
EST5818332,LE Irrigation,Standard,,150,,
EST5742611,LE Paving,Standard,,22042,50,440.84
EST5825259,LE Tree Care,Standard,,2249.92,16,140.62
EST5761178,LE Tree Care,Standard,,6866.24,32,214.57
EST5825141,LE Tree Care,Standard,,5374.98,24,223.96
EST5823939,LE Tree Care,Standard,,400.02,3,133.34
EST5818325,LE Irrigation,Standard,,150,,
EST5450438,LE Tree Care,Standard,,2884,20,144.20
EST5668779,LE Paving,Standard,,17444.18,60,290.74
EST5455058,LE Tree Care,Standard,,405.99,2,203.00
EST5374966,LE Tree Care,Standard,,399.99,2,200.00
EST5389839,LE Tree Care,Standard,,731.84,4,182.96
EST3316376,LE Maintenance (Summer/Winter),Service,2025,48245,72,670.07
EST5833516,LE Irrigation,Standard,,277.78,,
EST3327355,LE Maintenance (Summer/Winter),Service,2025,58625,25,2345.00
EST5483866,LE Landscapes,Standard,,1130.27,6,188.38
EST3262019,LE Maintenance (Summer/Winter),Service,1,13870,76,182.50
EST3296338,LE Maintenance (Summer/Winter),Service,2025,14368.48,200,71.84
EST2910833,LE Maintenance (Summer/Winter),Service,1,16409,,
EST5383535,LE Landscapes,Standard,,12513.05,60,208.55
EST3296380,LE Maintenance (Summer/Winter),Service,2026,4675.6,,
EST5484550,LE Maintenance Enchancements,Standard,,162.87,1,162.87
EST5421905,LE Landscapes,Standard,,1497.39,8,187.17
EST5839262,LE Irrigation,Standard,,277.78,,
EST5839272,LE Irrigation,Standard,,277.78,,
EST5838748,LE Paving,Standard,,6970.93,,
EST5754383,LE Paving,Standard,,3118.84,1,3118.84
EST5391402,LE Paving,Standard,,9800,,
EST5391357,LE Paving,Standard,,7460,,
EST5391452,LE Paving,Standard,,4000,,
EST5391392,LE Paving,Standard,,9800,,
EST5391301,LE Paving,Standard,,7460,,
EST4963249,LE Paving,Standard,,90522.8,210,431.06
EST5391399,LE Paving,Standard,,9800,,
EST5391427,LE Paving,Standard,,6000,,
EST5842019,LE Irrigation,Standard,,150,,
EST5842140,LE Irrigation,Standard,,120,,
EST5842176,LE Irrigation,Standard,,150,,
EST5430940,LE Paving,Standard,,9800,,
EST5842065,LE Irrigation,Standard,,150,,
EST5842110,LE Irrigation,Standard,,120,,
EST5844460,LE Irrigation,Standard,,120,,
EST5244425,LE Maintenance Enchancements,Standard,,4289.02,14,306.36
EST5811543,LE Paving,Standard,,13410,1490,9.00
EST5118891,LE Paving,Standard,,7779.45,40,194.49
EST5531960,LE Paving,Standard,,2700,,
EST5637670,LE Paving,Standard,,3500,1,3500.00
EST5692384,LE Paving,Standard,,13298.33,30,443.28
EST5007016,LE Paving,Standard,,22684.35,40,567.11
EST5691848,LE Paving,Standard,,28531.57,90,317.02
EST5627525,LE Paving,Standard,,49786.86,104,478.72
EST5169179,LE Paving,Standard,,18548.62,60,309.14
EST5650532,LE Paving,Standard,,1890,1,1890.00
EST5641784,LE Paving,Standard,,1500,1,1500.00
EST5566609,LE Paving,Standard,,8837.54,36,245.49
EST5650533,LE Paving,Standard,,1620,1,1620.00
EST3024363,LE Maintenance (Summer/Winter),Service,1,69250,,
EST5369083,LE Paving,Standard,,7313.37,,
EST5469272,LE Paving,Standard,,10448.42,36,290.23
EST4703602,LE Paving,Standard,,49840.51,170,293.18
EST5286319,LE Irrigation,Standard,,650,,
EST5512128,LE Paving,Standard,,4832.48,19,254.34
EST5383133,LE Paving,Standard,,14214.14,45,315.87
EST5512063,LE Paving,Standard,,5361.91,20,268.10
EST5158634,LE Paving,Standard,,160041.94,168,952.63
EST5273362,LE Paving,Standard,,10755.49,13.5,796.70
EST5510397,LE Paving,Standard,,10839.85,41.5,261.20
EST5482071,LE Paving,Standard,,23750.6,80,296.88
EST5382888,LE Paving,Standard,,11622.27,26,447.01
EST5469253,LE Paving,Standard,,8820.45,30,294.02
EST5469264,LE Paving,Standard,,7155.88,24,298.16
EST5570287,LE Paving,Standard,,5965.52,12,497.13
EST5529342,LE Paving,Standard,,6205.86,12,517.15
EST5515178,LE Maintenance (Summer/Winter),Standard,,1140.98,7,163.00
EST5518860,LE Paving,Standard,,9409.38,36,261.37
EST5575862,LE Tree Care,Standard,,586.92,4,146.73
EST5560639,LE Paving,Standard,,4825.58,,
EST5594440,LE Paving,Standard,,1737.22,10,173.72
EST5720408,LE Paving,Standard,,6359.97,28,227.14
EST5712950,LE Paving,Standard,,3625.75,18,201.43
EST5672896,LE Paving,Standard,,979.99,1,979.99
EST5720417,LE Paving,Standard,,4845.48,20,242.27
EST1396079,LE Maintenance (Summer/Winter),Service,,8600,65.2,131.90
EST5432450,LE Irrigation,Standard,,1855.44,16,115.97
EST5337942,LE Paving,Standard,,750,,
EST5337894,LE Paving,Standard,,750,,
EST5450652,LE Irrigation,Standard,,125,,
EST3040007,LE Maintenance (Summer/Winter),Service,2025,8355.06,,
EST5294292,LE Paving,Standard,,1150,,
EST3107523,LE Maintenance (Summer/Winter),Service,2025,3096.03,,
EST3253941,LE Maintenance (Summer/Winter),Service,1,25445,15,1696.33
EST3253968,LE Maintenance (Summer/Winter),Service,1,29975,25,1199.00
EST3253987,LE Maintenance (Summer/Winter),Service,1,13915,5,2783.00
EST3254442,LE Maintenance (Summer/Winter),Service,,43260.01,204.5,211.54
EST3254049,LE Maintenance (Summer/Winter),Service,,36065,104.9,343.80
EST3254500,LE Maintenance (Summer/Winter),Service,1,6775,15,451.67
EST5739998,LE Irrigation,Standard,,222.22,,
EST5724597,LE Tree Care,Standard,,562.48,4,140.62
EST5701705,LE Tree Care,Standard,,6365.92,28.5,223.37
EST5673890,LE Tree Care,Standard,,917.04,6,152.84
EST5859867,LE Tree Care,Standard,,7200,16,450.00
EST5851245,LE Tree Care,Standard,,2501.56,14,178.68
EST5724941,LE Irrigation,Standard,,6439.1,32,201.22
EST5868919,LE Tree Care,Standard,,1079.1,7.5,143.88
EST5491064,LE Irrigation,Standard,,1268.22,12,105.69
EST5869159,LE Irrigation,Standard,,527.17,4,131.79
EST5118321,LE Paving,Standard,,20068.24,42,477.82
EST5873326,LE Tree Care,Standard,,562.48,4,140.62
EST5451941,LE Irrigation,Standard,,1166.74,10,116.67
EST5868703,LE Tree Care,Standard,,1033.23,7,147.60
EST5208761,LE Maintenance Enchancements,Standard,,59100,1920,30.78
EST5427739,LE Paving,Standard,,6849.53,53.5,128.03
EST3019752,LE Maintenance (Summer/Winter),Service,1,1250.02,,
EST5883387,LE Tree Care,Standard,,828.64,6,138.11
EST5771915,LE Landscapes,Standard,,4088.96,16,255.56
EST5872593,LE Irrigation,Standard,,832.11,8,104.01
EST5810265,LE Landscapes,Standard,,7118.55,16,444.91
EST5173848,LE Paving,Standard,,57558.92,15,3837.26
EST5641070,LE Irrigation,Standard,,4984.6,60,83.08
EST5618719,LE Irrigation,Standard,,1170.83,12,97.57
EST2902249,LE Maintenance (Summer/Winter),Service,1,35294.25,105,336.14
EST5618694,LE Irrigation,Standard,,2411.26,12,200.94
EST5522637,LE Tree Care,Standard,,709.12,4,177.28
EST5871510,LE Tree Care,Standard,,1008.79,7,144.11
EST5310039,LE Tree Care,Standard,,1086.56,8,135.82
EST5692887,LE Landscapes,Standard,,6766.56,18,375.92
EST3074206,LE Maintenance (Summer/Winter),Service,2025,24122.84,105,229.74
EST3074215,LE Maintenance (Summer/Winter),Service,2025,48246.71,105,459.49
EST3074200,LE Maintenance (Summer/Winter),Service,2025,4361.15,,
EST5255481,LE Tree Care,Standard,,300.01,1.5,200.01
EST3074133,LE Maintenance (Summer/Winter),Service,2025,13083.4,,
EST5519978,LE Landscapes,Standard,,4015.62,15.5,259.07
EST5451038,LE Irrigation,Standard,,300,,
EST5520036,LE Landscapes,Standard,,7664.36,29,264.29
EST5519956,LE Landscapes,Standard,,2964.89,12,247.07
EST5451022,LE Irrigation,Standard,,300,,
EST5519939,LE Landscapes,Standard,,3437.4,16.5,208.33
EST3074173,LE Maintenance (Summer/Winter),Service,2025,24122.84,105,229.74
EST5520120,LE Landscapes,Standard,,937.21,6.5,144.19
EST5455928,LE Landscapes,Standard,,88385.77,324,272.80
EST5520033,LE Landscapes,Standard,,937.21,6.5,144.19
EST5451009,LE Irrigation,Standard,,300,,
EST5656743,LE Irrigation,Standard,,1666.67,12,138.89
EST3202040,LE Maintenance (Summer/Winter),Service,2025,132453.18,106,1249.56
EST3199897,LE Maintenance (Summer/Winter),Service,2025,82464.21,106,777.96
EST5520114,LE Landscapes,Standard,,10455.2,53.5,195.42
EST3201969,LE Maintenance (Summer/Winter),Service,2025,124118.19,106,1170.93
EST3202788,LE Maintenance (Summer/Winter),Service,2025,71265.59,111,642.03
EST3201996,LE Maintenance (Summer/Winter),Service,2025,48599.34,106,458.48
EST3203217,LE Maintenance (Summer/Winter),Service,2025,71265.59,111,642.03
EST3202037,LE Maintenance (Summer/Winter),Service,2025,63402.96,106,598.14
EST3202079,LE Maintenance (Summer/Winter),Service,2025,132443.55,106,1249.47
EST3202086,LE Maintenance (Summer/Winter),Service,2025,71265.59,111,642.03
EST3203218,LE Maintenance (Summer/Winter),Service,2025,71265.59,111,642.03
EST3203216,LE Maintenance (Summer/Winter),Service,2025,71265.59,111,642.03
EST3202017,LE Maintenance (Summer/Winter),Service,2025,44283.27,106,417.77
EST3202076,LE Maintenance (Summer/Winter),Service,2025,76081.35,106,717.75
EST3396183,LE Maintenance (Summer/Winter),Service,2025,27835.54,106,262.60
EST5605665,LE Landscapes,Standard,,12512.46,46,272.01
EST3395122,LE Maintenance (Summer/Winter),Service,2025,49296.94,106,465.07
EST5625253,LE Landscapes,Standard,,4037.65,17,237.51
EST5605685,LE Landscapes,Standard,,7023.87,23.5,298.89
EST3395126,LE Maintenance (Summer/Winter),Service,2025,27835.54,106,262.60
EST5688130,LE Paving,Standard,,30040.23,115,261.22
EST5625207,LE Landscapes,Standard,,3999.81,12,333.32
EST3396170,LE Maintenance (Summer/Winter),Service,2025,27835.54,106,262.60
EST5025582,LE Paving,Standard,,35008.22,78,448.82
EST5517604,LE Irrigation,Standard,,1195.66,12,99.64
EST5369143,LE Irrigation,Standard,,600,,
EST5407675,LE Irrigation,Standard,,1000,,
EST5432033,LE Irrigation,Standard,,4321.92,32,135.06
EST5571932,LE Irrigation,Standard,,1733.63,16,108.35
EST5656880,LE Irrigation,Standard,,1768.89,12,147.41
EST5640774,LE Irrigation,Standard,,721,8,90.13
EST5369166,LE Irrigation,Standard,,200,,
EST5369155,LE Irrigation,Standard,,222.22,,
EST5390467,LE Irrigation,Standard,,500,,
EST5571956,LE Irrigation,Standard,,1563,14,111.64
EST3019818,LE Maintenance (Summer/Winter),Service,2025,2408.7,,
EST3039583,LE Maintenance (Summer/Winter),Service,2025,15150.15,,
EST3039587,LE Maintenance (Summer/Winter),Service,2025,6720.1,,
EST5486960,LE Irrigation,Standard,,222.22,,
EST3039586,LE Maintenance (Summer/Winter),Service,2025,6668.26,,
EST5453450,LE Tree Care,Standard,,1082.11,7,154.59
EST3039582,LE Maintenance (Summer/Winter),Service,2025,5756.63,,
EST3039585,LE Maintenance (Summer/Winter),Service,2025,15850.8,,
EST3039584,LE Maintenance (Summer/Winter),Service,2025,5530.43,,
EST3259710,LE Maintenance (Summer/Winter),Service,2025-2026,20695,15,1379.67
EST3259701,LE Maintenance (Summer/Winter),Service,2025-2026,17605,15,1173.67
EST3259613,LE Maintenance (Summer/Winter),Service,2025-2026,17585,15,1172.33
EST5661042,Line Painting,Standard,,693,,
EST3259705,LE Maintenance (Summer/Winter),Service,2025-2026,21185,15,1412.33
EST3259706,LE Maintenance (Summer/Winter),Service,1,21045,15,1403.00
EST3259698,LE Maintenance (Summer/Winter),Service,1,17075,15,1138.33
EST3351938,LE Maintenance (Summer/Winter),Service,2026-2027,16479.33,50,329.59
EST5504597,LE Landscapes,Standard,,2120.15,6,353.36
EST3019378,LE Maintenance (Summer/Winter),Service,2025,15379.72,105,146.47
EST5630949,LE Paving,Standard,,4488.6,,
EST3018725,LE Maintenance (Summer/Winter),Service,2025,30429.01,15,2028.60
EST3221615,LE Maintenance (Summer/Winter),Service,2025-2026,169525.18,105,1614.53
EST3018860,LE Maintenance (Summer/Winter),Service,2026,29222.14,15,1948.14
EST3019672,LE Maintenance (Summer/Winter),Service,2025,73702.85,25,2948.11
EST5691810,LE Tree Care,Standard,,892.6,6,148.77
EST5392434,LE Landscapes,Standard,,5171.25,5,1034.25
EST5406115,LE Tree Care,Standard,,3473.93,22.5,154.40
EST3019708,LE Maintenance (Summer/Winter),Service,2025,52424.83,25,2096.99
EST5640650,LE Tree Care,Standard,,1287.5,8,160.94
EST5409285,LE Tree Care,Standard,,2537.19,17,149.25
EST5430416,LE Tree Care,Standard,,4108.44,28,146.73
EST3021281,LE Maintenance (Summer/Winter),Service,2025,4829.02,5,965.80
EST5365122,LE Tree Care,Standard,,4117.48,21,196.07
EST3021265,LE Maintenance (Summer/Winter),Service,2025,5525.02,5,1105.00
EST3021236,LE Maintenance (Summer/Winter),Service,2025,4829.02,5,965.80
EST3021300,LE Maintenance (Summer/Winter),Service,2025,5387.02,5,1077.40
EST5034415,LE Paving,Standard,,2934.12,20,146.71
EST3021412,LE Maintenance (Summer/Winter),Service,2025,8160.09,5,1632.02
EST3021199,LE Maintenance (Summer/Winter),Service,2025,6461.02,15,430.73
EST3021364,LE Maintenance (Summer/Winter),Service,2025,21895.61,5,4379.12
EST3021391,LE Maintenance (Summer/Winter),Service,2025,7115.09,5,1423.02
EST3021325,LE Maintenance (Summer/Winter),Service,2025,5765.02,5,1153.00
EST3021276,LE Maintenance (Summer/Winter),Service,2025,7817.02,5,1563.40
EST3021293,LE Maintenance (Summer/Winter),Service,2025,2824.9,5,564.98
EST3021382,LE Maintenance (Summer/Winter),Service,2025,7377.8,5,1475.56
EST4884997,LE Tree Care,Standard,,2059.44,16,128.72
EST5488987,LE Maintenance Enchancements,Standard,,737.1,12,61.43
EST5557169,LE Tree Care,Standard,,1384.78,9.5,145.77
EST5558159,LE Maintenance Enchancements,Standard,,363.16,4,90.79
EST3031311,LE Maintenance (Summer/Winter),Service,2026,5937.97,5,1187.59
EST3031312,LE Maintenance (Summer/Winter),Service,2026,22552.48,5,4510.50
EST3031309,LE Maintenance (Summer/Winter),Service,2026,2909.65,5,581.93
EST3031310,LE Maintenance (Summer/Winter),Service,2026,5548.63,5,1109.73
EST3324213,LE Maintenance (Summer/Winter),Service,2025,46770,25,1870.80
EST3031308,LE Maintenance (Summer/Winter),Service,2026,4973.89,5,994.78
EST3031307,LE Maintenance (Summer/Winter),Service,2026,8051.53,5,1610.31
EST3031305,LE Maintenance (Summer/Winter),Service,2026,4973.89,5,994.78
EST3031306,LE Maintenance (Summer/Winter),Service,2026,5690.77,5,1138.15
EST3019326,LE Maintenance (Summer/Winter),Service,2026,26855.26,15,1790.35
EST5450986,LE Irrigation,Standard,,150,,
EST3019301,LE Maintenance (Summer/Winter),Service,2025,39099.07,105,372.37
EST3031302,LE Maintenance (Summer/Winter),Service,2026,7328.54,5,1465.71
EST3031303,LE Maintenance (Summer/Winter),Service,2026,8404.89,5,1680.98
EST3253021,LE Maintenance (Summer/Winter),Service,2025,10225,5,2045.00
EST3031301,LE Maintenance (Summer/Winter),Service,2026,7599.13,5,1519.83
EST3031304,LE Maintenance (Summer/Winter),Service,2026,6654.85,15,443.66
EST5477979,LE Tree Care,Standard,,701.5,4.5,155.89
EST3019291,LE Maintenance (Summer/Winter),Service,2026,23332.64,15,1555.51
EST3019267,LE Maintenance (Summer/Winter),Service,2025,29883.05,105,284.60
EST3019252,LE Maintenance (Summer/Winter),Service,2026,11018.96,,
EST5540321,LE Landscapes,Standard,,2874.23,15,191.62
EST3019214,LE Maintenance (Summer/Winter),Service,2025,10698.02,,
EST5512278,LE Tree Care,Standard,,350,2,175.00
EST5402163,LE Landscapes,Standard,,13584.3,28,485.15
EST5726233,LE Tree Care,Standard,,2558.62,17.5,146.21
EST3016416,LE Maintenance (Summer/Winter),Service,2025,43149.97,105,410.95
EST3018996,LE Maintenance (Summer/Winter),Service,2025,19094.06,15,1272.94
EST5480554,LE Landscapes,Standard,,9823.75,42,233.90
EST3018919,LE Maintenance (Summer/Winter),Service,2025,18027.69,15,1201.85
EST3019118,LE Maintenance (Summer/Winter),Service,2026,19666.88,15,1311.13
EST5513905,LE Paving,Standard,,7295.12,36,202.64
EST5660637,Line Painting,Standard,,770,,
EST3018985,LE Maintenance (Summer/Winter),Service,2026,18568.52,15,1237.90
EST3018881,LE Maintenance (Summer/Winter),Service,2025,15145.13,5,3029.03
EST5017272,LE Paving,Standard,,3798.37,4,949.59
EST4802410,LE Irrigation,Standard,,2348.73,10,234.87
EST5157586,LE Tree Care,Standard,,2154.55,16,134.66
EST2400936,LE Maintenance (Summer/Winter),Service,2025,18939.56,60,315.66
EST5235901,LE Landscapes,Standard,,119736.65,260,460.53
EST3045351,LE Maintenance (Summer/Winter),Service,2025,20131.96,15,1342.13
EST3024806,LE Maintenance (Summer/Winter),Service,2025,16998.49,60,283.31
EST5233369,LE Irrigation,Standard,,1262.48,10,126.25
EST5160526,LE Tree Care,Standard,,2038.56,15.5,131.52
EST2401067,LE Maintenance (Summer/Winter),Service,1,29354.53,60,489.24
EST2402266,LE Maintenance (Summer/Winter),Service,1,19560.72,60,326.01
EST5160490,LE Tree Care,Standard,,1157.21,8,144.65
EST2402277,LE Maintenance (Summer/Winter),Service,2025,103144.06,60,1719.07
EST5290174,LE Landscapes,Standard,,1141.07,6.25,182.57
EST5292011,LE Paving,Standard,,25966.69,18,1442.59
EST5290167,LE Landscapes,Standard,,1141.07,6.25,182.57
EST5290180,LE Landscapes,Standard,,1141.07,6.25,182.57
EST5289846,LE Landscapes,Standard,,1141.07,6.25,182.57
EST5302698,LE Landscapes,Standard,,2914.16,12,242.85
EST5240176,LE Paving,Standard,,10605.42,40,265.14
EST5381757,LE Landscapes,Standard,,760.42,4,190.10
EST5290168,LE Landscapes,Standard,,1141.07,6.25,182.57
EST5455129,LE Tree Care,Standard,,4038.41,19,212.55
EST5336399,LE Paving,Standard,,3640.73,6,606.79
EST5303778,LE Landscapes,Standard,,8998.89,40,224.97
EST5285964,LE Landscapes,Standard,,976.41,6,162.73
EST5294895,LE Paving,Standard,,30839.5,108,285.55
EST5294423,LE Paving,Standard,,21288.11,16,1330.51
EST5367993,LE Irrigation,Standard,,948.69,8.5,111.61
EST5292025,LE Paving,Standard,,19269.99,39,494.10
EST5381160,LE Landscapes,Standard,,2426.12,11,220.56
EST5357657,LE Tree Care,Standard,,278.95,2,139.47
EST5291484,LE Paving,Standard,,17564.53,57,308.15
EST5731630,LE Tree Care,Standard,,2012.14,9.5,211.80
EST5556863,LE Tree Care,Standard,,1479.52,10,147.95
EST5560199,LE Paving,Standard,,2626.41,,
EST5668938,LE Tree Care,Standard,,2599.87,17,152.93
EST5630253,LE Irrigation,Standard,,1248.17,12,104.01
EST5873540,LE Tree Care,Standard,,434.09,3,144.70
EST5718643,LE Landscapes,Standard,,17110.58,60,285.18
EST5847461,LE Irrigation,Standard,,400,,
EST5522154,LE Tree Care,Standard,,1060.12,7.5,141.35
EST5619227,LE Irrigation,Standard,,1647.69,16,102.98
EST5612108,LE Maintenance (Summer/Winter),Standard,,5188.83,21,247.09
EST5634121,LE Irrigation,Standard,,2777.78,16,173.61
EST5542862,LE Irrigation,Standard,,3143.05,20,157.15
EST5520052,LE Maintenance Enchancements,Standard,,316.82,4.5,70.40
EST5490863,LE Landscapes,Standard,,735,1,735.00
EST5631546,LE Maintenance Enchancements,Standard,,503.71,7,71.96
EST5619261,LE Irrigation,Standard,,1463.68,14,104.55
EST5819335,LE Tree Care,Standard,,1034.98,7,147.85
EST5887341,LE Maintenance Enchancements,Standard,,635,4,158.75
EST3296151,LE Maintenance (Summer/Winter),Service,2025,49963.68,25,1998.55
EST3047281,LE Maintenance (Summer/Winter),Service,2026,21894.67,40,547.37
EST5510871,LE Maintenance Enchancements,Standard,,783.87,6,130.65
EST3019558,LE Maintenance (Summer/Winter),Service,2025,28235.26,15,1882.35
EST5588992,LE Landscapes,Standard,,378.69,2,189.34
EST5436862,LE Landscapes,Standard,,4822.64,16,301.42
EST3019650,LE Maintenance (Summer/Winter),Service,2026,33253.82,105,316.70
EST4548181,LE Paving,Standard,,4667.11,,
EST2941123,LE Maintenance (Summer/Winter),Service,2025,46041.68,15,3069.45
EST2941219,LE Maintenance (Summer/Winter),Service,2025,51906.79,15,3460.45
EST5192331,LE Paving,Standard,,3903.85,,
EST3039936,LE Maintenance (Summer/Winter),Service,2025,7892.63,,
EST3039952,LE Maintenance (Summer/Winter),Service,2025,10884.88,,
EST4882212,LE Paving,Standard,,19687.82,40,492.20
EST3039913,LE Maintenance (Summer/Winter),Service,2025,7918.97,,
EST2941162,LE Maintenance (Summer/Winter),Service,2025,40907.55,15,2727.17
EST2941298,LE Maintenance (Summer/Winter),Service,2025,31652.82,15,2110.19
EST3039968,LE Maintenance (Summer/Winter),Service,2025,5983.63,,
EST5297990,LE Tree Care,Standard,,779.76,6,129.96
EST5312669,LE Landscapes,Standard,,5549.2,31,179.01
EST5312679,LE Landscapes,Standard,,8814.75,52,169.51
EST3100921,LE Maintenance (Summer/Winter),Service,2025,3700.08,,
EST5302563,LE Landscapes,Standard,,1546.09,8,193.26
EST5312673,LE Landscapes,Standard,,5001.62,34,147.11
EST5312659,LE Landscapes,Standard,,1513.15,10,151.31
EST5312663,LE Landscapes,Standard,,1203.2,4,300.80
EST5359130,LE Paving,Standard,,13223.34,78,169.53
EST5359566,LE Paving,Standard,,4370.28,9,485.59
EST5450894,LE Irrigation,Standard,,200,,
EST5459506,LE Paving,Standard,,5526.74,18,307.04
EST5450910,LE Irrigation,Standard,,450,,
EST5459454,LE Paving,Standard,,3952.4,9,439.16
EST5459545,LE Paving,Standard,,5340.1,18,296.67
EST5450709,LE Irrigation,Standard,,200,,
EST5450765,LE Irrigation,Standard,,200,,
EST5450735,LE Irrigation,Standard,,200,,
EST5450877,LE Irrigation,Standard,,200,,
EST5450825,LE Irrigation,Standard,,200,,
EST5450786,LE Irrigation,Standard,,200,,
EST5551850,LE Maintenance Enchancements,Standard,,1984.66,32.5,61.07
EST5635794,LE Irrigation,Standard,,832.11,8,104.01
EST5635750,LE Irrigation,Standard,,922.62,8,115.33
EST5461283,LE Irrigation,Standard,,731.79,8,91.47
EST5635826,LE Irrigation,Standard,,651.86,6,108.64
EST5618876,LE Irrigation,Standard,,1636.24,16,102.27
EST5537026,LE Paving,Standard,,10786.91,35,308.20
EST5633693,LE Paving,Standard,,2176.83,,
EST5635620,LE Irrigation,Standard,,1464.82,12,122.07
EST3259303,LE Maintenance (Summer/Winter),Service,2025-2026,13096.8,5,2619.36
EST5681847,LE Paving,Standard,,5902.9,,
EST5681760,LE Paving,Standard,,1903.13,,
EST5760568,LE Tree Care,Standard,,1033.23,7,147.60
EST5865789,LE Tree Care,Standard,,611.36,4,152.84
EST2941180,LE Maintenance (Summer/Winter),Service,2027,46490.24,25,1859.61
EST3339701,LE Maintenance (Summer/Winter),Service,2026-2027,15116.4,25,604.66
EST5744543,LE Paving,Standard,,30764.09,,
EST3016130,LE Maintenance (Summer/Winter),Service,2025,13923,,
EST5667526,LE Irrigation,Standard,,1123.47,10,112.35
EST5430945,LE Paving,Standard,,2516.24,8,314.53
EST5539894,LE Maintenance Enchancements,Standard,,1510.62,12,125.88
EST5575893,LE Irrigation,Standard,,973.49,4,243.37
EST5436820,LE Landscapes,Standard,,1366.52,8,170.81
EST5900155,LE Tree Care,Standard,,1360.34,9.5,143.19
EST3016163,LE Maintenance (Summer/Winter),Service,2026,14340.69,,
EST4933314,LE Tree Care,Standard,,567.96,4,141.99
EST5478104,LE Landscapes,Standard,,889.49,4,222.37
EST5421834,LE Landscapes,Standard,,1830,10,183.00
EST5587064,LE Landscapes,Standard,,3499.86,16,218.74
EST5489074,LE Maintenance Enchancements,Standard,,2648.22,45,58.85
EST3062125,LE Maintenance (Summer/Winter),Service,2025,10938.03,,
EST5478113,LE Landscapes,Standard,,4696.64,16,293.54
EST5581487,LE Landscapes,Standard,,4239.45,16,264.97
EST3379324,LE Maintenance (Summer/Winter),Service,2025,8444,,
EST3184388,LE Maintenance (Summer/Winter),Service,,1799.88,24,75.00
EST3060777,LE Maintenance (Summer/Winter),Service,2025,10488.03,,
EST4191343,LE Irrigation,Standard,,2595.26,24,108.14
EST5485817,LE Tree Care,Standard,,406,2,203.00
EST5575904,LE Landscapes,Standard,,30674.4,108,284.02
EST5533463,LE Tree Care,Standard,,3145.54,21.5,146.30
EST5487536,LE Tree Care,Standard,,9542.32,32.5,293.61
EST5487684,LE Tree Care,Standard,,3392.63,10,339.26
EST5432406,LE Tree Care,Standard,,3000.82,12,250.07
EST5453358,LE Tree Care,Standard,,10522.79,26,404.72
EST5612944,LE Landscapes,Standard,,1446.41,8,180.80
EST5668050,LE Irrigation,Standard,,882.11,8,110.26
EST3340414,LE Maintenance (Summer/Winter),Service,2025-2026,11592,105,110.40
EST3340288,LE Maintenance (Summer/Winter),Service,2025-2026,171336,105,1631.77
EST3345213,LE Maintenance (Summer/Winter),Service,2026,3646,,
EST3340365,LE Maintenance (Summer/Winter),Service,2025-2026,52284,105,497.94
EST3345238,LE Maintenance (Summer/Winter),Service,2026,2327,,
EST3345229,LE Maintenance (Summer/Winter),Service,2026,4966,,
EST5852682,LE Irrigation,Standard,,4495.1,32,140.47
EST3345231,LE Maintenance (Summer/Winter),Service,2026,3382,,
EST3340386,LE Maintenance (Summer/Winter),Service,2025-2026,45174,105,430.23
EST3340318,LE Maintenance (Summer/Winter),Service,2025-2026,37620,105,358.29
EST3340372,LE Maintenance (Summer/Winter),Service,2025-2026,44994,105,428.51
EST4320967,LE Irrigation,Standard,,9885.8,30,329.53
EST3340354,LE Maintenance (Summer/Winter),Service,2025-2026,37620,105,358.29
EST3345235,LE Maintenance (Summer/Winter),Service,2026,5494,,
EST3345206,LE Maintenance (Summer/Winter),Service,2026,4702,,
EST3340219,LE Maintenance (Summer/Winter),Service,2025-2026,246876,,
EST3345224,LE Maintenance (Summer/Winter),Service,2026,3382,,
EST3345616,LE Maintenance (Summer/Winter),Service,2026,22189.99,,
EST5801609,LE Landscapes,Standard,,6825.6,32,213.30
EST3344643,LE Maintenance (Summer/Winter),Service,2026,8476.2,,
EST3345623,LE Maintenance (Summer/Winter),Service,2026,10488.03,,
EST5802633,LE Landscapes,Standard,,2396.38,10,239.64
EST3346113,LE Maintenance (Summer/Winter),Service,,3599.76,48,75.00
EST3344659,LE Maintenance (Summer/Winter),Service,2026,6435.25,,
EST5432414,LE Maintenance Enchancements,Standard,,1061.39,3,353.80
EST5334065,LE Irrigation,Standard,,169,2,84.50
EST5432422,LE Maintenance Enchancements,Standard,,2326.28,7,332.33
EST5263149,LE Irrigation,Standard,2025,4050,,
EST3015813,LE Maintenance (Summer/Winter),Service,2025,9150.5,,
EST5334122,LE Irrigation,Standard,,666.02,10,66.60
EST5334084,LE Irrigation,Standard,,671,10,67.10
EST5436938,LE Landscapes,Standard,,15499.3,71,218.30
EST5334273,LE Irrigation,Standard,,300.03,8,37.50
EST5334226,LE Irrigation,Standard,,410,8,51.25
EST5334039,LE Irrigation,Standard,,206.8,2,103.40
EST5334250,LE Irrigation,Standard,,325.01,4,81.25
EST5850994,LE Irrigation,Standard,,100,,
EST5850973,LE Irrigation,Standard,,100,,
EST3015462,LE Maintenance (Summer/Winter),Service,2025,8516.39,,
EST5850958,LE Irrigation,Standard,,250,,
EST5334212,LE Irrigation,Standard,,169,2,84.50
EST3015715,LE Maintenance (Summer/Winter),Service,2025,2808,,
EST3015636,LE Maintenance (Summer/Winter),Service,2025,50471.63,,
EST5850859,LE Irrigation,Standard,,300,,
EST5850892,LE Irrigation,Standard,,100,,
EST5850908,LE Irrigation,Standard,,300,,
EST5850929,LE Irrigation,Standard,,100,,
EST5850941,LE Irrigation,Standard,,250,,
EST5850874,LE Irrigation,Standard,,350,,
EST5850796,LE Irrigation,Standard,,200,,
EST5552200,LE Tree Care,Standard,,586.92,4,146.73
EST5850755,LE Irrigation,Standard,,200,,
EST5850726,LE Irrigation,Standard,,250,,
EST5599711,LE Tree Care,Standard,,2587.66,20.5,126.23
EST5649036,LE Maintenance Enchancements,Standard,,421.76,6,70.29
EST5850780,LE Irrigation,Standard,,200,,
EST5850847,LE Irrigation,Standard,,100,,
EST5669679,LE Maintenance Enchancements,Standard,,632.64,6,105.44
EST5497919,LE Maintenance Enchancements,Standard,,171.25,1,171.25
EST5850652,LE Irrigation,Standard,,250,,
EST5850702,LE Irrigation,Standard,,250,,
EST5450865,LE Maintenance Enchancements,Standard,,421.76,6,70.29
EST5450635,LE Tree Care,Standard,,2799.92,16,175.00
EST5609396,LE Irrigation,Standard,,402.37,4,100.59
EST5850683,LE Irrigation,Standard,,250,,
EST3270794,LE Maintenance (Summer/Winter),Service,2025,13949.99,72,193.75
EST3299572,LE Maintenance (Summer/Winter),Service,2025,16295,15,1086.33
EST3015659,LE Maintenance (Summer/Winter),Service,2026,51985.78,,
EST3017119,LE Maintenance (Summer/Winter),Service,2026,9425.02,,
EST5770273,LE Irrigation,Standard,,608.16,6,101.36
EST3015527,LE Maintenance (Summer/Winter),Service,2026,8771.88,,
EST3015782,LE Maintenance (Summer/Winter),Service,2026,2892.24,,
EST3307342,LE Maintenance (Summer/Winter),Service,2026,16763.6,15,1117.57
EST5333954,LE Irrigation,Standard,2026,4050,,
EST3277343,LE Maintenance (Summer/Winter),Service,2026,14368.49,72,199.56
EST5770259,LE Irrigation,Standard,,651.86,6,108.64
EST3270381,LE Maintenance (Summer/Winter),Service,1,3150,,
EST3015786,LE Maintenance (Summer/Winter),Service,2027,2979.01,,
EST5333992,LE Irrigation,Standard,2027,4050,,
EST3017129,LE Maintenance (Summer/Winter),Service,2027,9707.77,,
EST3015579,LE Maintenance (Summer/Winter),Service,2027,9035.04,,
EST3015670,LE Maintenance (Summer/Winter),Service,2027,53545.35,,
EST2948927,LE Maintenance (Summer/Winter),Service,1,32519.05,90,361.32
EST2982018,LE Maintenance (Summer/Winter),Service,2025,116552.08,25,4662.08
EST2987807,LE Maintenance (Summer/Winter),Service,2025-2026,49067.14,105,467.31
EST2981926,LE Maintenance (Summer/Winter),Service,2025,52417.57,25,2096.70
EST5193441,LE Irrigation,Standard,,7653.58,32,239.17
EST5193436,LE Irrigation,Standard,,8199.34,32,256.23
EST5199924,LE Paving,Standard,,5492.65,15,366.18
EST5314150,LE Maintenance Enchancements,Standard,,937,6,156.17
EST5193445,LE Irrigation,Standard,,13441.93,48,280.04
EST4934222,LE Irrigation,Standard,,6346.59,24,264.44
EST2987508,LE Maintenance (Summer/Winter),Service,2025-2026,114333.53,105,1088.89
EST5193429,LE Irrigation,Standard,,8775.07,32,274.22
EST5406182,LE Tree Care,Standard,,1760.76,12,146.73
EST5847209,LE Irrigation,Standard,,400,,
EST5485558,LE Landscapes,Standard,,2153.38,12,179.45
EST5818536,LE Irrigation,Standard,,707.42,6,117.90
EST5593813,LE Tree Care,Standard,,1314.47,9,146.05
EST5506088,LE Maintenance (Summer/Winter),Standard,,1400,8,175.00
EST5778044,LE Tree Care,Standard,,400.02,3,133.34
EST5818562,LE Irrigation,Standard,,651.86,6,108.64
EST5457195,LE Paving,Standard,,8848.46,42,210.68
EST5436543,LE Landscapes,Standard,,1444.36,8,180.54
EST5532670,LE Tree Care,Standard,,739.77,5,147.95
EST5859835,LE Tree Care,Standard,,260.74,2,130.37
EST5485444,LE Landscapes,Standard,,3742.41,14,267.31
EST5741300,LE Tree Care,Standard,,4044.85,26.5,152.64
EST5722814,LE Paving,Standard,,912.84,3,304.28
EST5580473,LE Tree Care,Standard,,3978.74,12,331.56
EST5630549,LE Irrigation,Standard,,982.75,6,163.79
EST5787231,LE Landscapes,Standard,,4680.09,18,260.00
EST5497349,LE Paving,Standard,,9794.75,35,279.85
EST5740095,LE Irrigation,Standard,,311.43,2,155.72
EST5451050,LE Irrigation,Standard,,225,,
EST5562983,LE Paving,Standard,,495.4,2,247.70
EST2990148,LE Maintenance (Summer/Winter),Service,2026,120048.64,25,4801.95
EST2988809,LE Maintenance (Summer/Winter),Service,2026,50539.15,105,481.33
EST2988830,LE Maintenance (Summer/Winter),Service,2027,43557.69,55,791.96
EST5801645,LE Landscapes,Standard,,630,4,157.50
EST2988879,LE Maintenance (Summer/Winter),Service,2026,117763.54,105,1121.56
EST2988908,LE Maintenance (Summer/Winter),Service,2027,121296.44,105,1155.20
EST2990127,LE Maintenance (Summer/Winter),Service,2027,55609.79,25,2224.39
EST2990155,LE Maintenance (Summer/Winter),Service,2027,111445.27,100,1114.45
EST2865276,LE Maintenance (Summer/Winter),Service,1,10590.3,,
EST5469027,LE Landscapes,Standard,,3002.32,8,375.29
EST5119966,LE Tree Care,Standard,,400,2,200.00
EST2944324,LE Maintenance (Summer/Winter),Service,1,7527.03,,
EST2944488,LE Maintenance (Summer/Winter),Service,1,7527.03,,
EST5421296,LE Landscapes,Standard,,2632.48,16,164.53
EST5444851,LE Paving,Standard,,4082.54,18,226.81
EST5331079,LE Landscapes,Standard,,839.87,4,209.97
EST5242242,LE Paving,Standard,2,8347.84,15,556.52
EST5355358,LE Landscapes,Standard,,8590.26,32,268.45
EST5421573,LE Landscapes,Standard,,3098.99,12,258.25
EST5421428,LE Landscapes,Standard,,5363.7,27,198.66
EST2943141,LE Maintenance (Summer/Winter),Service,1,10657.5,,
EST5201995,LE Paving,Standard,,8599.47,40,214.99
EST5326077,LE Landscapes,Standard,,6872.3,24,286.35
EST5200236,Snow,Standard,,1519.04,8,189.88
EST5264130,LE Tree Care,Standard,,300,1,300.00
EST5482221,LE Tree Care,Standard,,2999.22,19,157.85
EST5482208,LE Tree Care,Standard,,868.16,6,144.69
EST5421710,LE Landscapes,Standard,,4397.76,25,175.91
EST5482195,LE Tree Care,Standard,,293.46,2,146.73
EST5526332,LE Tree Care,Standard,,611.36,4,152.84
EST5739674,LE Tree Care,Standard,,2885.72,20,144.29
EST2944343,LE Maintenance (Summer/Winter),Service,2026,7527.03,,
EST5499174,LE Landscapes,Standard,,996.59,6,166.10
EST5647035,LE Tree Care,Standard,,892.6,6,148.77
EST5492658,LE Landscapes,Standard,,17542.93,52,337.36
EST5739759,LE Tree Care,Standard,,1173.84,8,146.73
EST5884969,LE Tree Care,Standard,,1173.84,8,146.73
EST5760381,LE Tree Care,Standard,,3420.97,21.5,159.11
EST5738895,LE Tree Care,Standard,,200.01,1,200.01
EST5557031,LE Tree Care,Standard,,1173.84,8,146.73
EST5526314,LE Tree Care,Standard,,987.37,6.5,151.90
EST5575329,LE Tree Care,Standard,,790.75,4.5,175.72
EST5516195,LE Landscapes,Standard,,10020.35,44,227.74
EST5526222,LE Tree Care,Standard,,681.69,4.5,151.49
EST5499196,LE Landscapes,Standard,,4805.19,22,218.42
EST5382395,LE Landscapes,Standard,,5971.44,30,199.05
EST3020281,LE Maintenance (Summer/Winter),Service,2026,54242.67,105,516.60
EST2962394,LE Maintenance (Summer/Winter),Service,2025,10675.03,,
EST3020290,LE Maintenance (Summer/Winter),Service,2027,55869.95,105,532.09
EST2902784,LE Maintenance (Summer/Winter),Service,1,8150.1,,
EST3015987,LE Maintenance (Summer/Winter),Service,2025,32012.79,25,1280.51
EST2962487,LE Maintenance (Summer/Winter),Service,2026,10995.22,,
EST5540311,Line Painting,Standard,2025,2761.11,,
EST5717625,LE Landscapes,Standard,,3133.54,16,195.85
EST5553251,LE Landscapes,Standard,,11338.59,48,236.22
EST2962501,LE Maintenance (Summer/Winter),Service,2027,11325.28,,
EST2990228,LE Maintenance (Summer/Winter),Service,2025,2136.01,,
EST2990344,LE Maintenance (Summer/Winter),Service,2025,2112.05,,
EST2990355,LE Maintenance (Summer/Winter),Service,2025,6637.96,,
EST2991145,LE Maintenance (Summer/Winter),Service,2026,6837.1,,
EST2991137,LE Maintenance (Summer/Winter),Service,2026,2175.41,,
EST2991178,LE Maintenance (Summer/Winter),Service,2027,2266.09,,
EST2991138,LE Maintenance (Summer/Winter),Service,2027,2240.67,,
EST2991148,LE Maintenance (Summer/Winter),Service,2027,7042.21,,
EST2991177,LE Maintenance (Summer/Winter),Service,2026,2200.09,,
EST2997051,LE Maintenance (Summer/Winter),Service,2025,6421.28,94.5,67.95
EST5630455,LE Irrigation,Standard,,1248.17,12,104.01
EST5654490,LE Tree Care,Standard,,957.25,6.5,147.27
EST5374628,LE Paving,Standard,,1637.48,8,204.69
EST5573579,LE Paving,Standard,,4556.36,15,303.76
EST5654450,LE Tree Care,Standard,,1479.52,10,147.95
EST5630569,LE Irrigation,Standard,,896.31,6,149.38
EST5374549,LE Paving,Standard,,1650.32,8,206.29
EST5630613,LE Irrigation,Standard,,1675.56,16,104.72
EST5630466,LE Irrigation,Standard,,471.61,4,117.90
EST5630547,LE Irrigation,Standard,,540.75,6,90.13
EST5630494,LE Irrigation,Standard,,1132.12,8,141.51
EST5846941,LE Paving,Standard,,1235.4,10,123.54
EST5828331,LE Paving,Standard,,1012.05,6,168.67
EST3189822,LE Maintenance (Summer/Winter),Service,2027,15195.32,105,144.72
EST3189820,LE Maintenance (Summer/Winter),Service,2026,14752.74,105,140.50
EST3143185,LE Maintenance (Summer/Winter),Service,2025,14323.05,105,136.41
EST2840806,LE Maintenance (Summer/Winter),Service,2025,31999.83,90,355.55
EST3021034,LE Maintenance (Summer/Winter),Service,2025,11851.27,,
EST3021074,LE Maintenance (Summer/Winter),Service,2025,15889.27,,
EST3021090,LE Maintenance (Summer/Winter),Service,2025,19134.07,,
EST5471570,LE Irrigation,Standard,,963.97,8,120.50
EST5471543,LE Irrigation,Standard,,854.4,8,106.80
EST5471661,LE Irrigation,Standard,,1256.77,12,104.73
EST5471688,LE Irrigation,Standard,,1403.38,12,116.95
EST5334449,LE Irrigation,Standard,,400,,
EST5771989,LE Landscapes,Standard,,751.59,4,187.90
EST5479856,LE Landscapes,Standard,,3261.84,20,163.09
EST5500128,LE Paving,Standard,,7304.6,8.5,859.36
EST5531485,LE Tree Care,Standard,,1363.35,9,151.48
EST5521891,LE Paving,Standard,,5731.39,26,220.44
EST5672568,LE Irrigation,Standard,,804.94,4,201.24
EST3238099,LE Maintenance (Summer/Winter),Service,1,45535.31,60,758.92
EST5515648,LE Landscapes,Standard,,5268.02,19,277.26
EST5788952,LE Tree Care,Standard,,586.92,4,146.73
EST5531388,LE Tree Care,Standard,,669.47,4.5,148.77
EST5500728,LE Paving,Standard,,6681.79,6,1113.63
EST5488464,LE Irrigation,Standard,,1562.91,8,195.36
EST5818521,LE Irrigation,Standard,,416.06,4,104.02
EST5660110,LE Maintenance Enchancements,Standard,,1435.91,6,239.32
EST5531348,LE Tree Care,Standard,,892.6,6,148.77
EST5488510,LE Maintenance Enchancements,Standard,,799.11,12,66.59
EST5501315,LE Paving,Standard,,6212.49,5,1242.50
EST5531431,LE Tree Care,Standard,,305.68,2,152.84
EST3262119,LE Maintenance (Summer/Winter),Service,1,35760,72,496.67
EST5500955,LE Paving,Standard,,4351.14,16,271.95
EST5531295,LE Tree Care,Standard,,892.6,6,148.77
EST5853085,LE Irrigation,Standard,,3331.92,32,104.12
EST5700029,LE Paving,Standard,,615.87,3,205.29
EST5802989,LE Landscapes,Standard,,1777.68,10,177.77
EST5291614,LE Landscapes,Standard,,9359.64,40,233.99
EST5078367,LE Paving,Standard,,3921.42,,
EST5336639,LE Landscapes,Standard,,857.02,3,285.67
EST5092778,LE Tree Care,Standard,,400,3,133.33
EST5331492,LE Landscapes,Standard,,11998.04,70,171.40
EST5221874,LE Landscapes,Standard,,23398.98,299,78.26
EST5344085,LE Landscapes,Standard,,3701.08,8,462.63
EST4715585,LE Landscapes,Standard,,18896.88,98,192.83
EST5221975,LE Landscapes,Standard,,40576.31,234,173.40
EST5350823,LE Landscapes,Standard,,4952.99,26,190.50
EST5350536,LE Landscapes,Standard,,8750.13,46,190.22
EST5221900,LE Landscapes,Standard,,59850.18,242,247.31
EST5492612,LE Irrigation,Standard,,1390.53,13,106.96
EST5469232,LE Paving,Standard,,13808.21,20,690.41
EST5363279,LE Landscapes,Standard,,2090.91,12,174.24
EST5477318,LE Landscapes,Standard,,7921.81,32,247.56
EST5367592,LE Landscapes,Standard,,3255.59,12,271.30
EST5489114,LE Paving,Standard,,2123.64,12,176.97
EST5367758,LE Paving,Standard,,2165.63,,
EST5431973,LE Irrigation,Standard,,1733.43,12,144.45
EST5380800,LE Landscapes,Standard,,1116.35,5,223.27
EST5380591,LE Landscapes,Standard,,2042.12,6.5,314.17
EST5451380,LE Irrigation,Standard,,200,,
EST5488935,LE Maintenance Enchancements,Standard,,313,4,78.25
EST4772756,LE Paving,Standard,,9090.51,32,284.08
EST5426660,LE Irrigation,Standard,,1586.58,16,99.16
EST5426638,LE Irrigation,Standard,,327.47,2,163.74
EST5431948,LE Irrigation,Standard,,915.51,8,114.44
EST5382021,LE Landscapes,Standard,,1552.32,6.33,245.23
EST5482886,LE Irrigation,Standard,,1688.89,,
EST5362509,LE Landscapes,Standard,,2639.27,16,164.95
EST5492654,LE Irrigation,Standard,,2014.07,14,143.86
EST5488548,LE Irrigation,Standard,,1074.3,10,107.43
EST5397018,LE Landscapes,Standard,,64048.41,190,337.10
EST5477595,LE Landscapes,Standard,,14691.32,68,216.05
EST5579966,LE Landscapes,Standard,,38762.56,136,285.02
EST5491113,LE Maintenance Enchancements,Standard,,151.46,2.5,60.58
EST5504271,LE Landscapes,Standard,,19490,88,221.48
EST5514453,LE Irrigation,Standard,,953.93,9,105.99
EST5492191,LE Irrigation,Standard,,2440.58,24,101.69
EST5545215,LE Irrigation,Standard,,1537.5,12,128.13
EST5575414,LE Irrigation,Standard,,1586.58,16,99.16
EST5492498,LE Irrigation,Standard,,671.54,6,111.92
EST5562553,LE Tree Care,Standard,,3184.48,16,199.03
EST5520115,LE Maintenance Enchancements,Standard,,867.63,4,216.91
EST5653293,LE Paving,Standard,,9040.19,30,301.34
EST5754403,LE Paving,Standard,,9759.98,40,244.00
EST5669690,LE Paving,Standard,,8491.91,30,283.06
EST5619114,LE Irrigation,Standard,,952.47,10,95.25
EST5597465,LE Tree Care,Standard,,1879.97,12.5,150.40
EST5583054,LE Landscapes,Standard,,1447.59,8,180.95
EST5764834,LE Tree Care,Standard,,400,2,200.00
EST5635950,LE Landscapes,Standard,,4607.9,24,192.00
EST5635919,LE Landscapes,Standard,,4214.23,24,175.59
EST5655097,LE Tree Care,Standard,,2653.36,18,147.41
EST5631558,LE Irrigation,Standard,,1620.52,16,101.28
EST5668790,LE Tree Care,Standard,,1479.52,10,147.95
EST5717408,LE Irrigation,Standard,,150,,
EST5706364,LE Irrigation,Standard,,854.33,8,106.79
EST5655081,LE Tree Care,Standard,,3056.8,20,152.84
EST5706400,LE Irrigation,Standard,,239.21,2,119.61
EST5690363,LE Tree Care,Standard,,3970.4,26,152.71
EST5839287,LE Irrigation,Standard,,150,,
EST3339607,LE Maintenance (Summer/Winter),Service,2025-2026,9130,2,4565.00
EST5844366,LE Irrigation,Standard,,180.25,2,90.13
EST5863190,LE Landscapes,Standard,,1575,10,157.50
EST5866636,LE Tree Care,Standard,,446.31,3,148.77
EST3339613,LE Maintenance (Summer/Winter),Service,2026-2027,9130,2,4565.00
EST3339620,LE Maintenance (Summer/Winter),Service,2027-2028,9130,2,4565.00
EST4717189,LE Irrigation,Standard,,4771.06,24,198.79
EST4717212,LE Irrigation,Standard,,4790.47,24,199.60
EST4717159,LE Irrigation,Standard,,4731.8,24,197.16
EST4717080,LE Irrigation,Standard,,5564.49,24,231.85
EST2951166,LE Maintenance (Summer/Winter),Service,2025,37506.6,90,416.74
EST2845926,LE Maintenance (Summer/Winter),Service,1,68815.41,90,764.62
EST2845958,LE Maintenance (Summer/Winter),Service,1,36414,90,404.60
EST2981723,LE Maintenance (Summer/Winter),Service,2025,6700,,
EST2989341,LE Maintenance (Summer/Winter),Service,2025,22903.92,300,76.35
EST3025117,LE Maintenance (Summer/Winter),Service,2025,28241.14,105,268.96
EST2981739,LE Maintenance (Summer/Winter),Service,2025,1400.02,,
EST2989584,LE Maintenance (Summer/Winter),Service,2025,43113,300,143.71
EST5161216,LE Tree Care,Standard,,1017.48,8,127.19
EST2981716,LE Maintenance (Summer/Winter),Service,2025,3918.02,,
EST5293729,LE Irrigation,Standard,,500,,
EST5238301,LE Paving,Standard,,2215.53,12,184.63
EST5293639,LE Irrigation,Standard,,550,,
EST5456954,LE Tree Care,Standard,,3494.32,16,218.40
EST5363473,LE Paving,Standard,,3800.02,12,316.67
EST3119490,LE Maintenance (Summer/Winter),Service,2025,18644.81,105,177.57
EST5329797,LE Irrigation,Standard,,700,,
EST5329291,LE Irrigation,Standard,,350,,
EST5329316,LE Irrigation,Standard,,370,,
EST5486823,LE Paving,Standard,,18941.58,54,350.77
EST5362712,LE Landscapes,Standard,,400.02,4,100.00
EST5329328,LE Irrigation,Standard,,500,,
EST5329895,LE Irrigation,Standard,,500,,
EST5387221,LE Paving,Standard,,2079.42,12,173.28
EST5329818,LE Irrigation,Standard,,500,,
EST5436851,LE Landscapes,Standard,,477.71,2.5,191.08
EST5329350,LE Irrigation,Standard,,250,,
EST5418809,LE Paving,Standard,,21320.55,25,852.82
EST5329271,LE Irrigation,Standard,,300,,
EST5575515,LE Tree Care,Standard,,586.92,4,146.73
EST5488299,LE Maintenance Enchancements,Standard,,236.7,4,59.17
EST5525341,LE Paving,Standard,,9295.59,31,299.86
EST5557087,LE Tree Care,Standard,,3234.18,22,147.01
EST5577496,LE Maintenance (Summer/Winter),Standard,,387.2,2,193.60
EST5577479,LE Maintenance (Summer/Winter),Standard,,503.02,3,167.67
EST5577481,LE Maintenance (Summer/Winter),Standard,,360.77,4,90.19
EST5577493,LE Maintenance (Summer/Winter),Standard,,507.82,6,84.64
EST5597035,LE Irrigation,Standard,,460.84,3,153.61
EST5869131,LE Irrigation,Standard,,5685.6,28,203.06
EST5741447,LE Tree Care,Standard,,2817.29,14,201.23
EST5742941,LE Paving,Standard,,11870.34,,
EST5807781,LE Landscapes,Standard,,1463.84,6,243.97
EST5643209,LE Tree Care,Standard,,3500.1,23.5,148.94
EST5643560,LE Paving,Standard,,63361.89,90,704.02
EST5671268,LE Irrigation,Standard,,1237.05,12,103.09
EST5831996,LE Tree Care,Standard,,562.48,4,140.62
EST3352762,LE Maintenance (Summer/Winter),Service,2025-2026,24022,100,240.22
EST5757741,LE Paving,Standard,,1860,1,1860.00
EST5742946,LE Paving,Standard,,7473.6,,
EST5626631,LE Maintenance Enchancements,Standard,,196.48,3,65.49
EST5742964,LE Paving,Standard,,7133.82,,
EST2991589,LE Maintenance (Summer/Winter),Service,2026,28514.65,300,95.05
EST2845948,LE Maintenance (Summer/Winter),Service,1,70879.95,90,787.55
EST2950411,LE Maintenance (Summer/Winter),Service,2026,3544.09,,
EST2991654,LE Maintenance (Summer/Winter),Service,2026,43880.7,300,146.27
EST2990831,LE Maintenance (Summer/Winter),Service,2026,1430.02,,
EST2990639,LE Maintenance (Summer/Winter),Service,2026,4005.98,,
EST2990670,LE Maintenance (Summer/Winter),Service,2026,6857.5,,
EST3040213,LE Maintenance (Summer/Winter),Service,2026,29088.37,105,277.03
EST2951174,LE Maintenance (Summer/Winter),Service,1,38631.6,90,429.24
EST2990837,LE Maintenance (Summer/Winter),Service,2027,1460.92,,
EST2991660,LE Maintenance (Summer/Winter),Service,2027,44671.43,300,148.90
EST2990674,LE Maintenance (Summer/Winter),Service,2027,7019.73,,
EST2991596,LE Maintenance (Summer/Winter),Service,2027,28917.83,300,96.39
EST2990656,LE Maintenance (Summer/Winter),Service,2027,4096.58,,